level,task,joint,b1,random_n,select,eci,rg,pos,pose,prio
mild,alphabet_soup,1,0.700,0.600,,0.750,,0.800,0.750,0.800
mild,alphabet_soup,2,0.000,0.050,,0.050,,0.000,0.200,0.000
mild,alphabet_soup,3,0.500,0.500,,0.400,,0.700,0.800,0.750
mild,alphabet_soup,4,0.650,0.600,,0.700,,0.900,0.900,0.550
mild,alphabet_soup,5,0.850,0.700,,1.000,,0.800,0.850,0.850
mild,alphabet_soup,6,0.850,0.800,,0.900,,0.800,0.750,0.800
mild,alphabet_soup,7,0.750,0.800,,0.900,,0.800,0.650,0.700
mild,milk,1,0.900,0.700,,0.650,,0.650,0.750,0.850
mild,milk,2,0.700,0.700,,0.900,,1.000,0.800,0.700
mild,milk,3,0.200,0.200,,0.150,,0.900,0.850,0.850
mild,milk,4,0.550,0.650,,0.850,,0.800,0.750,0.600
mild,milk,5,0.850,0.850,,1.000,,0.900,0.850,0.850
mild,milk,6,0.700,0.750,,0.900,,0.850,0.800,0.850
mild,milk,7,0.900,0.850,,0.950,,0.900,0.750,0.800
mild,bowl_ramekin,1,0.600,0.700,,0.700,,0.750,0.700,0.750
mild,bowl_ramekin,2,0.500,0.250,,0.150,,0.100,0.250,0.050
mild,bowl_ramekin,3,0.650,0.700,,0.750,,0.750,0.750,0.800
mild,bowl_ramekin,4,0.750,0.800,,0.950,,0.850,0.750,0.500
mild,bowl_ramekin,5,0.650,0.800,,0.750,,0.750,0.700,0.750
mild,bowl_ramekin,6,0.750,0.850,,0.900,,0.850,0.450,0.800
mild,bowl_ramekin,7,0.900,0.750,,0.850,,0.900,0.550,0.850
mild,bowl_stove,1,0.600,0.550,,0.750,,0.850,0.850,0.850
mild,bowl_stove,2,0.000,0.000,,0.100,,0.200,0.100,0.100
mild,bowl_stove,3,0.900,0.850,,0.800,,0.850,0.850,0.850
mild,bowl_stove,4,0.450,0.550,,0.400,,0.800,0.700,0.750
mild,bowl_stove,5,0.800,0.800,,0.800,,0.850,0.850,0.850
mild,bowl_stove,6,0.900,0.900,,0.750,,0.850,0.800,0.850
mild,bowl_stove,7,0.900,0.750,,0.800,,0.900,0.850,0.900
moderate,alphabet_soup,1,0.150,0.300,0.000,0.050,0.750,0.600,0.750,0.750
moderate,alphabet_soup,2,0.000,0.000,0.000,0.000,0.000,0.000,0.000,0.000
moderate,alphabet_soup,3,0.000,0.000,0.000,0.000,0.850,0.550,0.850,0.900
moderate,alphabet_soup,4,0.350,0.350,0.750,0.550,0.800,0.750,0.400,0.550
moderate,alphabet_soup,5,0.900,0.750,0.950,0.850,0.750,0.700,0.800,0.800
moderate,alphabet_soup,6,0.900,0.800,0.750,0.800,0.750,0.800,0.450,0.800
moderate,alphabet_soup,7,0.750,0.600,0.550,0.650,0.400,0.800,0.200,0.850
moderate,milk,1,0.300,0.300,0.100,0.000,0.850,0.850,0.900,0.900
moderate,milk,2,0.000,0.000,0.000,0.050,0.000,0.050,0.000,0.000
moderate,milk,3,0.000,0.000,0.000,0.000,0.950,0.450,0.950,0.900
moderate,milk,4,0.300,0.200,0.650,0.600,0.750,0.750,0.550,0.350
moderate,milk,5,0.950,0.800,0.900,1.000,0.950,0.950,0.900,0.850
moderate,milk,6,0.600,0.500,0.850,0.900,0.850,0.700,0.800,0.650
moderate,milk,7,0.650,0.700,0.550,0.850,0.450,0.600,0.550,0.750
moderate,bowl_ramekin,1,0.400,0.450,0.600,0.650,0.750,0.750,0.800,0.750
moderate,bowl_ramekin,2,0.000,0.000,0.000,0.000,0.000,0.000,0.000,0.000
moderate,bowl_ramekin,3,0.550,0.400,0.350,0.500,0.800,0.800,0.750,0.900
moderate,bowl_ramekin,4,0.050,0.000,0.000,0.100,0.050,0.150,0.000,0.200
moderate,bowl_ramekin,5,0.800,0.750,0.800,0.850,0.800,0.650,0.750,0.700
moderate,bowl_ramekin,6,0.900,0.550,0.800,0.800,0.600,0.800,0.000,0.800
moderate,bowl_ramekin,7,0.700,0.700,0.800,0.800,0.450,0.800,0.450,0.800
moderate,bowl_stove,1,0.050,0.050,0.050,0.000,0.750,0.500,0.750,0.850
moderate,bowl_stove,2,0.000,0.000,0.000,0.000,0.000,0.000,0.000,0.000
moderate,bowl_stove,3,0.750,0.700,0.400,0.550,0.900,0.800,0.900,0.900
moderate,bowl_stove,4,0.000,0.000,0.000,0.000,0.000,0.400,0.000,0.500
moderate,bowl_stove,5,0.850,0.800,0.800,0.800,0.900,0.900,0.850,0.850
moderate,bowl_stove,6,0.550,0.700,0.650,0.600,0.800,0.800,0.500,0.900
moderate,bowl_stove,7,0.400,0.400,0.500,0.500,0.450,0.600,0.300,0.850
severe,alphabet_soup,1,0.000,0.000,,0.000,,0.500,0.750,0.800
severe,alphabet_soup,2,0.000,0.000,,0.000,,0.000,0.000,0.000
severe,alphabet_soup,3,0.000,0.000,,0.000,,0.250,0.800,0.850
severe,alphabet_soup,4,0.050,0.050,,0.000,,0.450,0.150,0.000
severe,alphabet_soup,5,0.750,0.800,,0.900,,0.700,0.900,0.850
severe,alphabet_soup,6,0.600,0.400,,0.700,,0.650,0.400,0.850
severe,alphabet_soup,7,0.150,0.200,,0.150,,0.250,0.000,0.450
severe,milk,1,0.000,0.000,,0.000,,0.750,0.950,0.950
severe,milk,2,0.000,0.000,,0.000,,0.000,0.000,0.000
severe,milk,3,0.000,0.000,,0.000,,0.200,0.850,0.900
severe,milk,4,0.200,0.100,,0.450,,0.650,0.500,0.450
severe,milk,5,0.950,0.950,,1.000,,0.950,0.700,0.900
severe,milk,6,0.250,0.250,,0.900,,0.700,0.550,0.600
severe,milk,7,0.700,0.650,,0.600,,0.500,0.000,0.650
severe,bowl_ramekin,1,0.100,0.250,,0.150,,0.550,0.400,0.800
severe,bowl_ramekin,2,0.000,0.000,,0.000,,0.000,0.000,0.000
severe,bowl_ramekin,3,0.300,0.400,,0.100,,0.650,0.900,0.800
severe,bowl_ramekin,4,0.000,0.000,,0.000,,0.000,0.000,0.000
severe,bowl_ramekin,5,0.700,0.650,,0.750,,0.750,0.700,0.700
severe,bowl_ramekin,6,0.600,0.450,,0.750,,0.750,0.000,0.650
severe,bowl_ramekin,7,0.550,0.650,,0.550,,0.600,0.300,0.650
severe,bowl_stove,1,0.000,0.000,,0.000,,0.000,0.400,0.800
severe,bowl_stove,2,0.000,0.000,,0.000,,0.000,0.000,0.000
severe,bowl_stove,3,0.200,0.250,,0.000,,0.950,0.850,0.900
severe,bowl_stove,4,0.000,0.000,,0.000,,0.000,0.000,0.000
severe,bowl_stove,5,0.900,0.850,,0.800,,0.850,0.850,0.900
severe,bowl_stove,6,0.650,0.500,,0.700,,0.750,0.000,0.850
severe,bowl_stove,7,0.100,0.000,,0.300,,0.200,0.000,0.850
locked,alphabet_soup,1,0.000,0.000,0.000,0.000,0.550,0.250,0.600,0.750
locked,alphabet_soup,2,0.000,0.000,0.000,0.000,0.000,0.000,0.000,0.000
locked,alphabet_soup,3,0.000,0.000,0.000,0.000,0.750,0.000,0.800,0.850
locked,alphabet_soup,4,0.000,0.000,0.000,0.000,0.050,0.000,0.000,0.000
locked,alphabet_soup,5,0.250,0.350,0.700,0.600,0.650,0.600,0.650,0.800
locked,alphabet_soup,6,0.000,0.000,0.000,0.200,0.150,0.550,0.050,0.750
locked,alphabet_soup,7,0.000,0.000,0.000,0.050,0.000,0.100,0.000,0.050
locked,milk,1,0.000,0.000,0.000,0.000,0.850,0.550,0.850,0.900
locked,milk,2,0.000,0.000,0.000,0.000,0.000,0.000,0.000,0.000
locked,milk,3,0.000,0.000,0.000,0.000,0.850,0.000,0.950,0.850
locked,milk,4,0.000,0.000,0.000,0.000,0.000,0.100,0.000,0.000
locked,milk,5,0.600,0.750,1.000,0.950,0.850,0.950,0.800,0.700
locked,milk,6,0.000,0.000,0.000,0.650,0.300,0.400,0.250,0.300
locked,milk,7,0.200,0.100,0.300,0.250,0.000,0.650,0.000,0.400
locked,bowl_ramekin,1,0.000,0.000,0.000,0.050,0.350,0.550,0.400,0.800
locked,bowl_ramekin,2,0.000,0.000,0.000,0.000,0.000,0.000,0.000,0.000
locked,bowl_ramekin,3,0.050,0.050,0.050,0.100,0.800,0.200,0.850,0.900
locked,bowl_ramekin,4,0.000,0.000,0.000,0.000,0.000,0.000,0.000,0.000
locked,bowl_ramekin,5,0.700,0.750,0.700,0.700,0.750,0.650,0.750,0.750
locked,bowl_ramekin,6,0.150,0.050,0.450,0.500,0.000,0.600,0.000,0.750
locked,bowl_ramekin,7,0.300,0.450,0.400,0.300,0.200,0.550,0.200,0.450
locked,bowl_stove,1,0.000,0.000,0.000,0.000,0.000,0.000,0.150,0.750
locked,bowl_stove,2,0.000,0.000,0.000,0.000,0.000,0.000,0.000,0.000
locked,bowl_stove,3,0.000,0.000,0.000,0.000,0.850,0.650,0.900,0.900
locked,bowl_stove,4,0.000,0.000,0.000,0.000,0.000,0.000,0.000,0.000
locked,bowl_stove,5,0.650,0.800,0.850,0.900,0.750,0.750,0.750,0.800
locked,bowl_stove,6,0.000,0.000,0.000,0.000,0.000,0.150,0.000,0.300
locked,bowl_stove,7,0.050,0.000,0.100,0.000,0.000,0.100,0.000,0.650
