Level,vs,log-odds (Prio),robust SE,95\% CI,odds ratio,$p$
all,B1,+0.95,0.13,"[+0.69, +1.21]",2.6,$6.0\times10^{-13}$
all,E-C-I,+0.76,0.14,"[+0.49, +1.04]",2.1,$5.7\times10^{-8}$
all,RG-DDPM,+0.46,0.13,"[+0.21, +0.71]",1.6,$2.6\times10^{-4}$
all,W-IK pos,+0.32,0.09,"[+0.13, +0.50]",1.4,$8.7\times10^{-4}$
all,W-IK pose,+0.49,0.09,"[+0.30, +0.67]",1.6,$2.2\times10^{-7}$
mild,B1,+0.19,0.16,"[-0.13, +0.51]",1.2,0.25
mild,E-C-I,+0.01,0.19,"[-0.37, +0.39]",1.0,0.96
mild,W-IK pos,-0.26,0.11,"[-0.49, -0.04]",0.8,0.023
mild,W-IK pose,-0.00,0.13,"[-0.25, +0.25]",1.0,1.00
moderate,B1,+0.91,0.24,"[+0.43, +1.38]",2.5,$1.9\times10^{-4}$
moderate,E-C-I,+0.82,0.28,"[+0.27, +1.37]",2.3,0.003
moderate,RG-DDPM,+0.26,0.16,"[-0.05, +0.57]",1.3,0.11
moderate,W-IK pos,+0.23,0.13,"[-0.03, +0.50]",1.3,0.079
moderate,W-IK pose,+0.57,0.19,"[+0.20, +0.95]",1.8,0.003
severe,B1,+1.27,0.30,"[+0.69, +1.85]",3.6,$1.9\times10^{-5}$
severe,E-C-I,+1.09,0.32,"[+0.47, +1.71]",3.0,$5.9\times10^{-4}$
severe,W-IK pos,+0.51,0.21,"[+0.10, +0.92]",1.7,0.015
severe,W-IK pose,+0.75,0.22,"[+0.31, +1.19]",2.1,$7.5\times10^{-4}$
locked,B1,+2.05,0.42,"[+1.24, +2.87]",7.8,$8.0\times10^{-7}$
locked,E-C-I,+1.38,0.38,"[+0.63, +2.13]",4.0,$2.9\times10^{-4}$
locked,RG-DDPM,+0.71,0.21,"[+0.30, +1.12]",2.0,$6.3\times10^{-4}$
locked,W-IK pos,+0.77,0.25,"[+0.28, +1.26]",2.2,0.002
locked,W-IK pose,+0.67,0.20,"[+0.27, +1.07]",2.0,0.001
