Level,vs,family,conds,mean diff,95\% CI,better/worse,sign p,Wilcoxon p,sign (Holm),Wilcoxon (Holm)
all,B1,primary,112,+0.234,"[+0.18, +0.30]",68/18,$5.3\times10^{-8}$,$7.4\times10^{-11}$,$3.2\times10^{-7}$,$4.4\times10^{-10}$
all,E-C-I,primary,112,+0.189,"[+0.12, +0.26]",57/28,0.002,$1.2\times10^{-5}$,0.007,$4.6\times10^{-5}$
all,RG-DDPM,primary,56,+0.114,"[+0.05, +0.18]",30/9,0.001,$5.7\times10^{-4}$,0.004,0.002
all,W-IK pos,primary,112,+0.078,"[+0.03, +0.12]",49/32,0.075,0.004,0.15,0.008
all,W-IK pose,primary,112,+0.121,"[+0.08, +0.17]",59/19,$6.4\times10^{-6}$,$5.3\times10^{-6}$,$3.2\times10^{-5}$,$2.7\times10^{-5}$
all,Best W-IK,primary,112,+0.003,"[-0.03, +0.03]",35/40,0.64,0.76,0.64,0.76
mild,B1,exploratory,28,+0.041,"[-0.03, +0.11]",13/10,0.68,0.22,--,--
mild,E-C-I,exploratory,28,+0.002,"[-0.07, +0.08]",12/13,1.00,0.51,--,--
mild,W-IK pos,exploratory,28,-0.052,"[-0.10, -0.01]",4/13,0.049,0.021,--,--
mild,W-IK pose,exploratory,28,-0.000,"[-0.05, +0.05]",14/7,0.19,0.81,--,--
mild,Best W-IK,exploratory,28,-0.073,"[-0.12, -0.03]",2/15,0.002,0.003,--,--
moderate,B1,exploratory,28,+0.221,"[+0.11, +0.34]",18/5,0.011,0.001,--,--
moderate,E-C-I,exploratory,28,+0.200,"[+0.07, +0.34]",14/7,0.19,0.015,--,--
moderate,RG-DDPM,exploratory,28,+0.061,"[-0.01, +0.14]",14/7,0.19,0.13,--,--
moderate,W-IK pos,exploratory,28,+0.055,"[-0.01, +0.12]",15/6,0.078,0.049,--,--
moderate,W-IK pose,exploratory,28,+0.139,"[+0.05, +0.23]",13/6,0.17,0.011,--,--
moderate,Best W-IK,exploratory,28,-0.005,"[-0.05, +0.04]",9/9,1.00,0.95,--,--
severe,B1,exploratory,28,+0.300,"[+0.18, +0.44]",17/3,0.003,$2.3\times10^{-4}$,--,--
severe,E-C-I,exploratory,28,+0.263,"[+0.13, +0.41]",15/5,0.041,0.003,--,--
severe,W-IK pos,exploratory,28,+0.127,"[+0.03, +0.23]",15/7,0.13,0.018,--,--
severe,W-IK pose,exploratory,28,+0.186,"[+0.09, +0.29]",16/4,0.012,0.004,--,--
severe,Best W-IK,exploratory,28,+0.037,"[-0.03, +0.11]",12/9,0.66,0.35,--,--
locked,B1,exploratory,28,+0.373,"[+0.24, +0.50]",20/0,$1.9\times10^{-6}$,$9.4\times10^{-5}$,--,--
locked,E-C-I,exploratory,28,+0.291,"[+0.15, +0.44]",16/3,0.004,0.002,--,--
locked,RG-DDPM,exploratory,28,+0.168,"[+0.08, +0.27]",16/2,0.001,0.001,--,--
locked,W-IK pos,exploratory,28,+0.180,"[+0.07, +0.30]",15/6,0.078,0.010,--,--
locked,W-IK pose,exploratory,28,+0.159,"[+0.07, +0.25]",16/2,0.001,0.002,--,--
locked,Best W-IK,exploratory,28,+0.052,"[-0.01, +0.12]",12/7,0.36,0.22,--,--
