$w_r$,$\rho$,damping,J1,J3,J5,J6,J7,Mean (20),Prio:W-IK,cond. +/-
0.05,0.10,$10^{-6}$,0.34,0.21,0.74,0.43,0.35,0.41,148:45 ($5.1\times10^{-14}$),15/5
0.10,0.10,$10^{-6}$,0.45,0.34,0.76,0.45,0.35,0.47,125:45 ($6.6\times10^{-10}$),16/4
0.20,0.10,$10^{-6}$,0.63,0.53,0.78,0.39,0.25,0.51,101:38 ($8.8\times10^{-8}$),16/3
0.30,0.10,$10^{-6}$,0.63,0.58,0.88,0.36,0.11,0.51,102:38 ($6.0\times10^{-8}$),14/3
0.50,0.10,$10^{-6}$,0.60,0.73,0.78,0.10,0.03,0.45,119:29 ($3.8\times10^{-14}$),17/3
1.00,0.10,$10^{-6}$,0.50,0.88,0.74,0.08,0.05,0.45,120:31 ($1.5\times10^{-13}$),16/2
0.05,0.00,$10^{-6}$,0.80,0.86,0.66,0.19,0.05,0.51,85:22 ($6.4\times10^{-10}$),14/3
0.30,0.00,$10^{-6}$,0.85,0.86,0.69,0.11,0.08,0.52,78:17 ($1.6\times10^{-10}$),12/2
1.00,0.00,$10^{-6}$,0.85,0.86,0.64,0.15,0.06,0.51,82:19 ($1.7\times10^{-10}$),12/3
0.30,0.00,$10^{-4}$,0.80,0.91,0.63,0.29,0.06,0.54,73:20 ($2.9\times10^{-8}$),13/5
\multicolumn{3}{l}{Priority IK ($\lambda_1^2{=}10^{-4}$)},0.80,0.88,0.76,0.53,0.39,0.67,--,--
