task,joint,level,bind_frac,override_pos_mm,override_rot_deg,override_eps,ik_pos_mm,ik_rot_deg,ik_eps,ik_pos_mm_p90,ik_dq_mean
alphabet_soup,robot0_joint1,locked,0.9741247892379761,68.29515844583511,6.606987979446843,0.0740608349442482,2.45267222635448,2.847443966388963,0.004937536083161831,4.558050539344549,0.12030745297670364
alphabet_soup,robot0_joint1,moderate,0.5215626358985901,19.652821123600006,1.847292322591414,0.02126488834619522,0.7309074862860143,1.0155514792201061,0.0016171433962881565,1.9272842910140753,0.06477375328540802
alphabet_soup,robot0_joint1,severe,0.745814323425293,40.704336017370224,3.8796900287661664,0.04409000650048256,1.4609451172873378,1.8657720397211182,0.003089138073846698,3.2023172825574875,0.09331697970628738
alphabet_soup,robot0_joint1,mild,0.28868594765663147,5.776652600616217,0.5338123140044359,0.006242492236196995,0.2585646288935095,0.3750307462865908,0.0005858407239429653,0.7498780032619834,0.03580503165721893
alphabet_soup,robot0_joint2,locked,0.9746321439743042,250.45567750930786,24.70173942582983,0.27201202511787415,119.6371242403984,12.244347790166689,0.13032233715057373,199.91521537303925,0.40660473704338074
alphabet_soup,robot0_joint2,moderate,0.6032471060752869,87.85300701856613,8.233142468931927,0.09503777325153351,39.883315563201904,3.843435811538562,0.043237343430519104,99.86155480146408,0.24272193014621735
alphabet_soup,robot0_joint2,severe,0.8163368701934814,161.47705912590027,15.539679276945122,0.17503800988197327,76.78283005952835,7.252000308811582,0.08311139792203903,154.19898927211761,0.321507066488266
alphabet_soup,robot0_joint2,mild,0.3982749879360199,34.37520191073418,3.100812181528113,0.037081170827150345,13.809268362820148,1.6019769004837088,0.015207257121801376,46.46046832203865,0.15258526802062988
alphabet_soup,robot0_joint3,locked,0.9746321439743042,116.65438115596771,11.966330062643198,0.1270969808101654,3.388836747035384,3.393206603480835,0.00634996872395277,5.25017362087965,0.1998291164636612
alphabet_soup,robot0_joint3,moderate,0.7382039427757263,40.782611817121506,4.133788860703096,0.04439002275466919,1.1713964631780982,1.243422918352716,0.0022564874961972237,2.3777466267347336,0.09136476367712021
alphabet_soup,robot0_joint3,severe,0.8528665900230408,76.4506384730339,7.788638880389375,0.08324750512838364,2.2025383077561855,2.2849520615856136,0.00419653533026576,3.7982629146426916,0.14876988530158997
alphabet_soup,robot0_joint3,mild,0.4992389678955078,11.363264173269272,1.1547552168166086,0.01237097941339016,0.33305835677310824,0.3253901586985546,0.0006170148844830692,1.0267301695421338,0.03800802677869797
alphabet_soup,robot0_joint4,locked,0.9746321439743042,192.38047301769257,22.080686775235996,0.21164949238300323,68.63048672676086,16.253227431989064,0.08281409740447998,140.5055671930313,0.47719258069992065
alphabet_soup,robot0_joint4,moderate,0.3835616409778595,52.44239792227745,6.188330680497265,0.05784273520112038,14.160627499222755,4.109221097145384,0.01774659939110279,53.797341883182526,0.3219967484474182
alphabet_soup,robot0_joint4,severe,0.7133435010910034,105.39227724075317,12.217405255211927,0.11605396866798401,32.929401844739914,8.776321800413655,0.04058818519115448,93.47598254680634,0.3582259714603424
alphabet_soup,robot0_joint4,mild,0.20852358639240265,24.075854569673538,2.927101261027648,0.026630233973264694,5.452756304293871,1.6865767974822503,0.00692457240074873,22.865643724799156,0.2565110921859741
alphabet_soup,robot0_joint5,locked,0.9746321439743042,3.7818611599504948,6.511170670675319,0.009463931433856487,0.27428666362538934,5.7105346155059555,0.005257668439298868,0.592087279073894,0.017041759565472603
alphabet_soup,robot0_joint5,moderate,0.24657534062862396,0.9006570908240974,1.6137125528599658,0.0023088871967047453,0.059370526287239045,1.3140495289698808,0.0012060950975865126,0.23026020789984614,0.018502119928598404
alphabet_soup,robot0_joint5,severe,0.4885844886302948,1.750444294884801,3.2485071249234108,0.004585301969200373,0.12677372433245182,2.7422765555305144,0.0025198613293468952,0.40897572762332857,0.017934441566467285
alphabet_soup,robot0_joint5,mild,0.11922881752252579,0.5178884603083134,0.8140381136205456,0.00122827070299536,0.029150196496630087,0.6454764087023298,0.0005924346623942256,0.04973297836841084,0.019869621843099594
alphabet_soup,robot0_joint6,locked,0.9746321439743042,28.07917632162571,11.700787675638734,0.03829003497958183,3.458129009231925,8.84237143723497,0.011174554005265236,5.25197247043252,0.06855122745037079
alphabet_soup,robot0_joint6,moderate,0.32014206051826477,6.903332192450762,2.8716332947779746,0.009409304708242416,1.1706565273925662,2.1502231651125268,0.0030470804776996374,1.7077745869755745,0.048767492175102234
alphabet_soup,robot0_joint6,severe,0.5601217746734619,14.733148738741875,6.131891973611803,0.020084232091903687,2.032593823969364,4.616725496818487,0.006061446852982044,3.3015254884958267,0.061169907450675964
alphabet_soup,robot0_joint6,mild,0.14916285872459412,2.727900166064501,1.1356630238174248,0.003718953114002943,0.7004453800618649,0.8499059449123684,0.0014421283267438412,0.4607128503266722,0.039779700338840485
alphabet_soup,robot0_joint7,locked,0.9746321439743042,3.024081332569928e-08,23.24079269821537,0.020281415432691574,1.5147799858823419,20.939396315872717,0.019787853583693504,2.6542716659605503,0.05625617131590843
alphabet_soup,robot0_joint7,moderate,0.5641806125640869,3.024081332569928e-08,7.225936306938814,0.0063058193773031235,0.46005676267668605,6.442658750658214,0.006082337349653244,1.301816082559526,0.03185634687542915
alphabet_soup,robot0_joint7,severe,0.7681379914283752,3.024081332569928e-08,14.26058633598225,0.012444709427654743,0.9182679350487888,12.79276246164723,0.012082058936357498,1.9759628921747208,0.04479687660932541
alphabet_soup,robot0_joint7,mild,0.29274478554725647,3.024081332569928e-08,2.71094839879837,0.002365749329328537,0.17073072376661003,2.3997873917708032,0.00226493994705379,0.637486984487623,0.023769930005073547
milk,robot0_joint1,locked,0.9727817177772522,64.82098996639252,6.078780422625784,0.07012572884559631,2.4640581104904413,3.100926800640122,0.005170126911252737,4.528759513050318,0.11577444523572922
milk,robot0_joint1,moderate,0.5628742575645447,19.930332899093628,1.8086204318410364,0.021508650854229927,0.7878955802880228,1.1432985349792644,0.0017856118502095342,1.9510001875460148,0.061874620616436005
milk,robot0_joint1,severe,0.7659227252006531,39.674337953329086,3.6683281173528295,0.04287555813789368,1.5204091323539615,2.049768371337976,0.0033091700170189142,3.1870799139142036,0.09002538025379181
milk,robot0_joint1,mild,0.299401193857193,6.488286424428225,0.5671965177593128,0.006983258295804262,0.27801640680991113,0.4393774782096049,0.0006614455487579107,0.8194572292268276,0.03861016407608986
milk,robot0_joint2,locked,0.9727817177772522,288.2556915283203,27.640501740761398,0.3123765289783478,128.20729613304138,16.203495117094906,0.1423475295305252,210.794597864151,0.49239400029182434
milk,robot0_joint2,moderate,0.6505171656608582,92.55734831094742,8.315577729572103,0.0998140498995781,35.62184423208237,5.260340198724313,0.04021235555410385,96.95307910442352,0.26411008834838867
milk,robot0_joint2,severe,0.8655416369438171,183.79130959510803,17.158818308378958,0.19876520335674286,78.4505158662796,10.567868466876952,0.08767271786928177,155.36347031593323,0.3762785792350769
milk,robot0_joint2,mild,0.2885138690471649,33.61985832452774,2.8332115597059486,0.036092303693294525,10.122796520590782,1.7792766585061923,0.011675507761538029,41.679032146930695,0.23087455332279205
milk,robot0_joint3,locked,0.9727817177772522,114.10706490278244,11.774491393198696,0.12438225746154785,3.1280217226594687,3.3400809652296526,0.006042792461812496,5.1271659322083,0.19043506681919098
milk,robot0_joint3,moderate,0.7163854241371155,40.32399505376816,4.103350549553758,0.04390484839677811,1.11455749720335,1.225537854567626,0.002184041077271104,2.4451594799757004,0.09147650748491287
milk,robot0_joint3,severe,0.8421339392662048,74.69793409109116,7.661043262730721,0.08138345181941986,2.0453822799026966,2.2422076705426157,0.004002077504992485,3.7779270205646753,0.1437063217163086
milk,robot0_joint3,mild,0.4915623366832733,12.67049927264452,1.2838888009772798,0.013790902681648731,0.3619014169089496,0.376235794427422,0.0006902291206642985,1.1347084073349833,0.042519379407167435
milk,robot0_joint4,locked,0.9727817177772522,262.7120316028595,31.455889807360123,0.29016247391700745,89.44639563560486,23.37667589665819,0.10984640568494797,163.88161480426788,0.670718252658844
milk,robot0_joint4,moderate,0.47686445713043213,78.00813019275665,9.600603543602778,0.08638623356819153,18.795954063534737,6.187504227607693,0.02419557049870491,61.312463134527206,0.38492336869239807
milk,robot0_joint4,severe,0.8230811357498169,156.10899031162262,18.83146845686526,0.17254257202148438,44.873569160699844,13.583813626976951,0.056727685034275055,106.09030723571777,0.4701436460018158
milk,robot0_joint4,mild,0.26020684838294983,35.96043214201927,4.537479934520707,0.039920128881931305,7.153440732508898,2.4193390217133763,0.009264713153243065,28.024667873978615,0.2968345284461975
milk,robot0_joint5,locked,0.9727817177772522,3.6878541577607393,4.150116854800835,0.0073095145635306835,0.20970552577637136,3.9245682135945583,0.0036345378030091524,0.48564860480837524,0.009791084565222263
milk,robot0_joint5,moderate,0.27925965189933777,0.7969029829837382,1.0462135857864685,0.0017098967218771577,0.052396928367670625,0.9573085351767032,0.0008878062362782657,0.209225996513851,0.009221863001585007
milk,robot0_joint5,severe,0.5215024352073669,1.7449120059609413,2.1389337161881423,0.0036114833783358335,0.10739801655290648,1.9942769263130304,0.0018477330449968576,0.34726038575172424,0.009661787189543247
milk,robot0_joint5,mild,0.13772454857826233,0.34334309748373926,0.4828552074538797,0.0007647136226296425,0.02414622031210456,0.43109043103396955,0.00040034353150986135,0.06528682570206001,0.009059162810444832
milk,robot0_joint6,locked,0.9727817177772522,35.80240160226822,14.996745832273517,0.048889532685279846,5.777921993285418,11.272266729754012,0.015614829957485199,12.076121754944324,0.10591554641723633
milk,robot0_joint6,moderate,0.38323354721069336,12.233961373567581,5.103322260555359,0.01668745093047619,2.832536119967699,3.8091738751144857,0.00615666713565588,7.058007176965475,0.10480371117591858
milk,robot0_joint6,severe,0.5851932764053345,21.529732272028923,8.998126217294294,0.029382076114416122,4.1500600054860115,6.747313362171108,0.010038203559815884,9.688999503850937,0.1131046861410141
milk,robot0_joint6,mild,0.23571039736270905,6.299861241132021,2.624774036474435,0.00859040953218937,1.8314049812033772,1.9490448523082673,0.0035322674084454775,4.103703889995813,0.09238283336162567
milk,robot0_joint7,locked,0.9727817177772522,0.0,18.124397028701782,0.015816519036889076,1.1852598981931806,16.834039398250265,0.01587573066353798,2.004642505198717,0.03575225919485092
milk,robot0_joint7,moderate,0.56886225938797,0.0,5.425093753015129,0.00473428750410676,0.3478347498457879,4.985244084618294,0.004698281642049551,0.9554692660458386,0.01987035945057869
milk,robot0_joint7,severe,0.7708219885826111,0.0,10.992792464390016,0.009593021124601364,0.7123592076823115,10.16783197115212,0.009585466235876083,1.479314872995019,0.028322763741016388
milk,robot0_joint7,mild,0.28415894508361816,0.0,1.82407096007384,0.0015918021090328693,0.11516884114826098,1.6560722121536213,0.0015603647334501147,0.42419551755301654,0.014428829774260521
bowl_ramekin,robot0_joint1,locked,0.9610592126846313,72.75541871786118,6.159323293979044,0.07813044637441635,2.5146505795419216,4.414657765318245,0.00636716652661562,4.559665452688932,0.12495359033346176
bowl_ramekin,robot0_joint1,moderate,0.6518691778182983,26.676572859287262,2.231516503500842,0.02862393669784069,0.8932343916967511,1.6866333599863146,0.0023650997318327427,2.293347381055355,0.06773415207862854
bowl_ramekin,robot0_joint1,severe,0.8161993622779846,47.80111834406853,4.013798658685252,0.051303815096616745,1.6213837079703808,2.98340485823359,0.004224895499646664,3.372311359271407,0.09667985141277313
bowl_ramekin,robot0_joint1,mild,0.40186914801597595,11.27125509083271,0.9365437996045125,0.012088542804121971,0.37489194073714316,0.718712418386704,0.0010020867921411991,1.2924941256642342,0.04657471179962158
bowl_ramekin,robot0_joint2,locked,0.9610592126846313,520.3604698181152,44.302922390831334,0.559022068977356,234.41892862319946,9.836981022851289,0.24300332367420197,345.556765794754,0.7873278260231018
bowl_ramekin,robot0_joint2,moderate,0.7795950174331665,194.07972693443298,15.57812982687771,0.20767419040203094,81.96961134672165,3.514545554416346,0.08503663539886475,165.67306220531464,0.39674991369247437
bowl_ramekin,robot0_joint2,severe,0.854361355304718,354.374498128891,29.257924687166266,0.3799068331718445,157.7894389629364,6.023239031842533,0.1630457043647766,261.43065094947815,0.6300398111343384
bowl_ramekin,robot0_joint2,mild,0.4283488988876343,56.72110244631767,4.3030588775825835,0.06047623232007027,20.310822874307632,1.0345759039361186,0.02121366187930107,71.73999398946762,0.226237952709198
bowl_ramekin,robot0_joint3,locked,0.9610592126846313,53.52091044187546,5.223668913070514,0.05807942524552345,1.24789634719491,2.79266307448111,0.003684954484924674,2.0647370256483555,0.0829341933131218
bowl_ramekin,robot0_joint3,moderate,0.7281931638717651,17.85143092274666,1.7226432912293852,0.019354721531271935,0.4165908903814852,0.9198818732893836,0.0012193393195047975,1.018958748318255,0.03653716295957565
bowl_ramekin,robot0_joint3,severe,0.881619930267334,34.6003919839859,3.3596302472946986,0.037532225251197815,0.8036341750994325,1.803605151999543,0.00237757689319551,1.5366298612207174,0.05834890902042389
bowl_ramekin,robot0_joint3,mild,0.3979750871658325,5.921202711760998,0.5677507769382887,0.006416659336537123,0.14098624524194747,0.29982035836483334,0.00040262885158881545,0.5143416929058731,0.022390812635421753
bowl_ramekin,robot0_joint4,locked,0.9610592126846313,340.73692560195923,38.62922426617973,0.3744473159313202,140.6184285879135,17.02009204369412,0.15547125041484833,230.27236759662628,0.6275891661643982
bowl_ramekin,robot0_joint4,moderate,0.572429895401001,96.49163484573364,10.759158159866914,0.10588077455759048,28.302837163209915,4.615128086326351,0.03233030065894127,83.14207196235657,0.2998453676700592
bowl_ramekin,robot0_joint4,severe,0.8590342402458191,208.60466361045837,23.35444533845709,0.2289852797985077,73.77147674560547,10.770328080480823,0.08317035436630249,147.61982858181,0.4458256959915161
bowl_ramekin,robot0_joint4,mild,0.29439252614974976,33.288706094026566,3.718129587912331,0.03653338924050331,7.721186615526676,1.4016780812567942,0.008944381028413773,31.92117065191269,0.1900804489850998
bowl_ramekin,robot0_joint5,locked,0.9610592126846313,2.8264406137168407,5.674230025633221,0.007778140250593424,0.14072778867557645,4.784302907444281,0.004315819591283798,0.3180475323460996,0.015469727106392384
bowl_ramekin,robot0_joint5,moderate,0.39641743898391724,1.013737521134317,1.9943761774994073,0.002754159038886428,0.04979099321644753,1.6581009917805267,0.0014967572642490268,0.1740102597977966,0.013430346734821796
bowl_ramekin,robot0_joint5,severe,0.6137071847915649,1.713075558654964,3.4266344030525238,0.004703377839177847,0.08415448246523738,2.8673091447031216,0.0025863538030534983,0.24546723579987884,0.014788995496928692
bowl_ramekin,robot0_joint5,mild,0.23987539112567902,0.5811575101688504,1.0759853131614963,0.0015201318310573697,0.02796843727992382,0.8889082994246982,0.0008036873186938465,0.09879515710053965,0.012065972201526165
bowl_ramekin,robot0_joint6,locked,0.9610592126846313,29.45292741060257,12.283393420330714,0.04017220810055733,2.7972296811640263,9.102527366305232,0.01074068434536457,5.54504431784153,0.06835436820983887
bowl_ramekin,robot0_joint6,moderate,0.33956387639045715,8.852554485201836,3.6774468467816197,0.012061732821166515,0.5425197305157781,2.735663865196884,0.0029298372101038694,2.0247832871973515,0.046749550849199295
bowl_ramekin,robot0_joint6,severe,0.531931459903717,16.445575281977654,6.845470437620185,0.02241937629878521,1.272446126677096,5.080313487675702,0.005705856252461672,3.589991945773363,0.06201624870300293
bowl_ramekin,robot0_joint6,mild,0.20560747385025024,3.9867819286882877,1.6538008540894749,0.005429995711892843,0.17315147852059454,1.234106433603113,0.0012501123128458858,0.7970826118253171,0.030266623944044113
bowl_ramekin,robot0_joint7,locked,0.9610592126846313,8.123685751870724e-08,20.20437575362555,0.017631644383072853,1.083051087334752,17.980293697592852,0.01677381992340088,1.9276883685961366,0.05278286710381508
bowl_ramekin,robot0_joint7,moderate,0.5443925261497498,8.123685751870724e-08,7.37764761500949,0.006438212003558874,0.382770667783916,6.559089570344836,0.006106656044721603,1.047769677825272,0.034018415957689285
bowl_ramekin,robot0_joint7,severe,0.7982866168022156,8.123685751870724e-08,12.987867669062291,0.011334054172039032,0.6843075389042497,11.549717551576393,0.010763337835669518,1.4797205803915858,0.040927186608314514
bowl_ramekin,robot0_joint7,mild,0.3278816342353821,8.123685751870724e-08,3.8054719125843386,0.0033209011889994144,0.19486689416226,3.3857838954003237,0.0031495208386331797,0.6047060014680028,0.028903841972351074
bowl_stove,robot0_joint1,locked,0.9715719223022461,68.53148341178894,5.746377740722889,0.0735461413860321,3.9018490351736546,5.504659053543431,0.008705569431185722,12.9381213337183,0.13333292305469513
bowl_stove,robot0_joint1,moderate,0.2909699082374573,21.611375734210014,1.6197864053011055,0.023024907335639,1.3624235289171338,2.2810919374874983,0.0033530518412590027,5.015649367123842,0.15063154697418213
bowl_stove,robot0_joint1,severe,0.41527312994003296,39.57192599773407,3.0245945274667636,0.0422113873064518,2.354828640818596,3.7644032657655213,0.0056398906745016575,8.689867332577705,0.1845945566892624
bowl_stove,robot0_joint1,mild,0.20066890120506287,7.883054204285145,0.5886317858089284,0.008396731689572334,0.5709361284971237,0.9412115935719815,0.0013922982616350055,1.920972834341228,0.0848197415471077
bowl_stove,robot0_joint2,locked,0.9721293449401855,394.0458297729492,35.657637769644374,0.4251629710197449,167.4559861421585,9.970454018290738,0.17615684866905212,370.60168385505676,0.6159916520118713
bowl_stove,robot0_joint2,moderate,0.31438127160072327,120.28799951076508,8.90221328587439,0.12805664539337158,37.506476044654846,1.830759849705398,0.039104118943214417,158.24171900749207,0.6728776693344116
bowl_stove,robot0_joint2,severe,0.7285395860671997,225.52606463432312,18.054841797288958,0.2412819117307663,85.46081930398941,3.9544993831980237,0.08891177177429199,272.9434669017792,0.5084326863288879
bowl_stove,robot0_joint2,mild,0.22129319608211517,48.46785217523575,3.4921815940830205,0.051515351980924606,11.005431413650513,0.5737713218873906,0.011506140232086182,53.88938635587692,0.41574135422706604
bowl_stove,robot0_joint3,locked,0.9721293449401855,61.47630512714386,7.2814392779079835,0.06783056259155273,2.268211916089058,2.8655751304275845,0.004768897779285908,4.677982069551945,0.11369823664426804
bowl_stove,robot0_joint3,moderate,0.6064659953117371,15.785569325089455,1.8679589809159916,0.017415668815374374,0.6348809110932052,0.7239621658157992,0.001266657025553286,1.838489668443799,0.04850735515356064
bowl_stove,robot0_joint3,severe,0.8472687005996704,36.34464368224144,4.299506752327354,0.04009667783975601,1.3716330286115408,1.7081037394771321,0.0028622345998883247,3.2540259417146444,0.07770507037639618
bowl_stove,robot0_joint3,mild,0.23021182417869568,4.1467477567493916,0.5030260900942496,0.004585720598697662,0.1948590943356976,0.17726919559399032,0.00034955565934069455,0.5853719194419682,0.03629119694232941
bowl_stove,robot0_joint4,locked,0.9721293449401855,269.55240964889526,32.69577063229795,0.29808488488197327,101.59890353679657,15.14483628631044,0.11481526494026184,271.70810103416443,0.5420536994934082
bowl_stove,robot0_joint4,moderate,0.3127090334892273,89.13667500019073,10.467610681371273,0.09827139228582382,19.024627283215523,2.9771654804267835,0.02162269502878189,78.78334820270538,0.4426595866680145
bowl_stove,robot0_joint4,severe,0.39186176657676697,156.47144615650177,18.721177977242476,0.17280875146389008,45.728899538517,6.776395453883377,0.05164242908358574,161.81997954845428,0.6970239877700806
bowl_stove,robot0_joint4,mild,0.20958751440048218,36.01095825433731,4.22482887903702,0.03969781473278999,4.845529794692993,0.6557526417520255,0.0054177818819880486,24.69152957201004,0.22024425864219666
bowl_stove,robot0_joint5,locked,0.9721293449401855,5.424838978797197,7.224863967239122,0.011729721911251545,0.2707604435272515,6.0697675611291295,0.005567631684243679,0.5633961991406977,0.019434703513979912
bowl_stove,robot0_joint5,moderate,0.44370123744010925,1.4907920267432928,2.1391401159671233,0.003357543842867017,0.08316940511576831,1.7893641008583607,0.0016446842346340418,0.2567670599091798,0.012382452376186848
bowl_stove,robot0_joint5,severe,0.672798216342926,3.0999917071312666,4.247534562272258,0.006806665100157261,0.16092672012746334,3.570450439329489,0.0032767322845757008,0.39137573912739754,0.016338275745511055
bowl_stove,robot0_joint5,mild,0.2107023447751999,0.6060485611669719,0.9285023190738803,0.0014163197483867407,0.03804312655120157,0.7672473157419915,0.0007075926987454295,0.12486684136092663,0.01133547630161047
bowl_stove,robot0_joint6,locked,0.9721293449401855,43.29682141542435,18.12908936866158,0.05911743640899658,5.182141438126564,13.568794040992094,0.017023149877786636,9.537906385958195,0.09635471552610397
bowl_stove,robot0_joint6,moderate,0.38795986771583557,10.922132059931755,4.539375312015386,0.014883484691381454,0.9083783952519298,3.3123032262054455,0.003798907855525613,1.8356002401560545,0.04734743759036064
bowl_stove,robot0_joint6,severe,0.6382385492324829,23.699017241597176,9.881324318490304,0.032322101294994354,2.625675406306982,7.303144765316637,0.008998870849609375,4.439119249582291,0.07315527647733688
bowl_stove,robot0_joint6,mild,0.1911928653717041,3.6747013218700886,1.5240654662299022,0.0050046988762915134,0.1474011514801532,1.0924603697698017,0.0011007526190951467,0.4672892391681671,0.026436446234583855
bowl_stove,robot0_joint7,locked,0.9721293449401855,3.737749346144348e-08,17.621416775580165,0.015377586707472801,1.0853389976546168,16.170151841114198,0.01519645657390356,2.04222509637475,0.03783804178237915
bowl_stove,robot0_joint7,moderate,0.38795986771583557,3.737749346144348e-08,5.012566121958814,0.00437428941950202,0.2655996649991721,4.678744041369026,0.004348574206233025,0.9570226538926363,0.024307798594236374
bowl_stove,robot0_joint7,severe,0.5964325666427612,3.737749346144348e-08,9.864102850271763,0.008608054369688034,0.558681960683316,9.158779950535811,0.008551225066184998,1.4983940636739135,0.0321294367313385
bowl_stove,robot0_joint7,mild,0.23076923191547394,3.737749346144348e-08,1.8562671911608106,0.0016198987141251564,0.09396232053404674,1.729262598308774,0.0016030286205932498,0.43331144843250513,0.015287404879927635
