solver,iters,group,n,pos_mm,pos_mm_p90,rot_deg,dq_max_rad,not_converged
"W-IK w_r 1, rho 0",30,proximal,2658,0.027301153750158846,0.00011920928955078125,0.003612312962237188,0.156510129570961,0.004514672793447971
"W-IK w_r 1, rho 0",30,J5,1329,0.030031333153601736,0.00011680707956429615,0.011391822554419007,0.25291335582733154,0.006772009190171957
"W-IK w_r 1, rho 0",30,distal,2658,22.601349279284477,80.91761916875839,3.0922458436484477,0.8182533979415894,0.30398795008659363
"W-IK w_r 1, rho 0",300,proximal,2658,0.0272438810497988,0.00011210231321001629,0.0036119431882019218,0.15662728250026703,0.0015048908535391092
"W-IK w_r 1, rho 0",300,J5,1329,0.02940631748060696,0.0001115100829451876,0.011384443748980212,0.2531871199607849,0.003762227250263095
"W-IK w_r 1, rho 0",300,distal,2658,22.513778880238533,80.2648738026619,3.0917562044623224,0.8289881944656372,0.2671181261539459
"W-IK w_r 0.3, rho 0",30,proximal,2658,0.003763919494303991,0.00011920928955078125,0.0008440785941818025,0.15682350099086761,0.0033860045950859785
"W-IK w_r 0.3, rho 0",30,J5,1329,0.001164557602351124,0.00011958087497987435,0.00034942854257495164,0.2574623227119446,0.00827690027654171
"W-IK w_r 0.3, rho 0",30,distal,2658,13.52502778172493,40.57638719677925,3.4855174638872035,0.8142148852348328,0.28329572081565857
"W-IK w_r 0.3, rho 0",300,proximal,2658,0.0037032502859801752,0.00011920928955078125,0.0008401836688024428,0.15695317089557648,0.0003762227133847773
"W-IK w_r 0.3, rho 0",300,J5,1329,7.045148464612794e-05,0.00011920928955078125,5.477191589848651e-06,0.25846171379089355,0.0007524454267695546
"W-IK w_r 0.3, rho 0",300,distal,2658,13.388879597187042,40.49377515912056,3.4574624618713763,0.835121750831604,0.2272385209798813
"W-IK w_r 0.1, rho 0",30,proximal,2658,0.0014612775203204365,0.00010848209086589122,0.0019514730912799127,0.1564270704984665,0.0056433407589793205
"W-IK w_r 0.1, rho 0",30,J5,1329,0.005357411282602698,0.00013348812899494078,0.01995167959174813,0.24660517275333405,0.056433409452438354
"W-IK w_r 0.1, rho 0",30,distal,2658,2.9225919861346483,4.986635409295559,3.0139863899120876,0.7961814999580383,0.2272385209798813
"W-IK w_r 0.1, rho 0",300,proximal,2658,0.0013400577927313861,0.00010848209086589122,0.0014720998245519716,0.15692110359668732,0.0003762227133847773
"W-IK w_r 0.1, rho 0",300,J5,1329,0.00026136370934182196,0.0001115100829451876,0.0003983184177930739,0.2578129768371582,0.003762227250263095
"W-IK w_r 0.1, rho 0",300,distal,2658,2.8732444625347853,4.836647771298885,2.9184593641802894,0.8310381770133972,0.11324304342269897
"W-IK w_r 0.05, rho 0",30,proximal,2658,0.0007120843861230242,0.0001115100829451876,0.0036420362079423113,0.1558305323123932,0.013167795725166798
"W-IK w_r 0.05, rho 0",30,J5,1329,0.0030264507131505525,0.0005118712920193502,0.06855918439255336,0.22973839938640594,0.12490594387054443
"W-IK w_r 0.05, rho 0",30,distal,2658,0.36283599911257625,1.1655972339212894,3.14800046439985,0.753311276435852,0.3145222067832947
"W-IK w_r 0.05, rho 0",300,proximal,2658,0.0005375841283239424,0.00010754255441725036,0.002215288731089992,0.15671077370643616,0.0011286681983619928
"W-IK w_r 0.05, rho 0",300,J5,1329,0.0007897766067799239,0.00012018315942441404,0.00944423229895022,0.25242283940315247,0.015801355242729187
"W-IK w_r 0.05, rho 0",300,distal,2658,0.32871359144337475,1.1118613183498383,2.881147321404979,0.8146502375602722,0.05831452086567879
"W-IK w_r 0.01, rho 0",30,proximal,2658,0.00039130671325438016,0.0002777977385903796,0.07883085508932695,0.15125136077404022,0.18735891580581665
"W-IK w_r 0.01, rho 0",30,J5,1329,0.0012071557193849003,0.003274289383625728,0.8720236449096035,0.1461653858423233,0.7366440892219543
"W-IK w_r 0.01, rho 0",30,distal,2658,0.042778126953635365,0.09552607662044466,8.301446921952994,0.3673878610134125,0.8882618546485901
"W-IK w_r 0.01, rho 0",300,proximal,2658,8.725089628569549e-05,9.917825138927583e-05,0.00697464700394786,0.1550823450088501,0.011662904173135757
"W-IK w_r 0.01, rho 0",300,J5,1329,0.00023824345873890707,0.00020730188055040344,0.13048210629471207,0.21516644954681396,0.12340105324983597
"W-IK w_r 0.01, rho 0",300,distal,2658,0.013568595022661611,0.04822325718123466,3.487347954584767,0.7027223110198975,0.3009781837463379
"W-IK w_r 0.001, rho 0",30,proximal,2658,0.00014393235403531435,0.0002230201658903752,3.390538987723122,0.1411922127008438,0.7193378210067749
"W-IK w_r 0.001, rho 0",30,J5,1329,0.0001389360875236889,0.00024934411158028524,5.371163859989178,0.02092842385172844,0.8118886351585388
"W-IK w_r 0.001, rho 0",30,distal,2658,0.0004979322056897217,0.0009514130283605482,14.842195726829054,0.08042620867490768,0.5718585252761841
"W-IK w_r 0.001, rho 0",300,proximal,2658,9.575060744282382e-05,0.0001493649079975512,1.2958105760084195,0.1439451426267624,0.33483821153640747
"W-IK w_r 0.001, rho 0",300,J5,1329,8.444253296602255e-05,0.0001365714012990793,2.9035469267880356,0.07845307141542435,0.3980436325073242
"W-IK w_r 0.001, rho 0",300,distal,2658,0.0003828965304819576,0.000767865287798486,12.241425322975571,0.1786269098520279,0.4108352065086365
"W-IK pos (w_r 0.05, rho 0.1)",30,proximal,2658,2.6874803006649017,4.987796302884817,3.3948808536011343,0.1359688639640808,0.0
"W-IK pos (w_r 0.05, rho 0.1)",30,J5,1329,0.2514389925636351,0.5358540220186114,5.573894973612558,0.016323836520314217,0.0
"W-IK pos (w_r 0.05, rho 0.1)",30,distal,2658,2.514037536457181,5.371167324483395,15.112968331190453,0.06553294509649277,0.0
"W-IK pos (w_r 0.05, rho 0.1)",300,proximal,2658,2.6874803006649017,4.987796302884817,3.3948808536011343,0.1359688639640808,0.0
"W-IK pos (w_r 0.05, rho 0.1)",300,J5,1329,0.2514389925636351,0.5358540220186114,5.573894973612558,0.016323836520314217,0.0
"W-IK pos (w_r 0.05, rho 0.1)",300,distal,2658,2.514037536457181,5.371167324483395,15.112968331190453,0.06553294509649277,0.0
"W-IK pose (w_r 1.0, rho 0.1)",30,proximal,2658,3.9033254142850637,9.32332780212164,0.12044226182332225,0.14064200222492218,0.0003762227133847773
"W-IK pose (w_r 1.0, rho 0.1)",30,J5,1329,5.735516082495451,16.8435201048851,0.5618589917272123,0.15738752484321594,0.005267118103802204
"W-IK pose (w_r 1.0, rho 0.1)",30,distal,2658,63.39649111032486,123.28766286373138,2.1591914169361655,0.3987385034561157,0.05605718493461609
"W-IK pose (w_r 1.0, rho 0.1)",300,proximal,2658,3.903304925188422,9.32332780212164,0.12044138136924955,0.14064207673072815,0.0
"W-IK pose (w_r 1.0, rho 0.1)",300,J5,1329,5.735855083912611,16.843359917402267,0.5618471456178705,0.15738552808761597,0.0
"W-IK pose (w_r 1.0, rho 0.1)",300,distal,2658,63.36110830307007,123.23075532913208,2.1625352214217095,0.39878401160240173,0.023325808346271515
Priority IK lambda_2 0.05,30,proximal,2658,0.00015106563466815714,0.00010848209086589122,0.00204687604302358,0.15690769255161285,0.0018811136251315475
Priority IK lambda_2 0.05,30,J5,1329,0.00010524626503638501,0.00012013700256829907,0.008040909402753604,0.25395938754081726,0.018058691173791885
Priority IK lambda_2 0.05,30,distal,2658,9.904689155519009,19.422249868512154,3.8044367120382585,0.8133723139762878,0.25771257281303406
Priority IK lambda_2 0.05,300,proximal,2658,0.0001505233200305156,0.00010848209086589122,0.0020323816929163053,0.15693828463554382,0.0
Priority IK lambda_2 0.05,300,J5,1329,5.651775936144077e-05,0.00011920928955078125,0.00022027907230474084,0.25838151574134827,0.0015048908535391092
Priority IK lambda_2 0.05,300,distal,2658,9.873283095657825,19.422249868512154,3.766508671577178,0.8361933827400208,0.19413092732429504
Priority IK lambda_2 0.2,30,proximal,2658,6.413012698658349e-05,0.00011920928955078125,0.0038444476800517154,0.15587887167930603,0.01241534948348999
Priority IK lambda_2 0.2,30,J5,1329,0.00021418439644094178,0.00013075715799004684,0.06893442458018754,0.22968457639217377,0.12490594387054443
Priority IK lambda_2 0.2,30,distal,2658,0.07340271258726716,0.003767382168007316,3.19732510237792,0.7528179287910461,0.3118886351585388
Priority IK lambda_2 0.2,300,proximal,2658,5.6790579350263215e-05,0.00010751836043709773,0.00244699864648971,0.1567261964082718,0.0007524454267695546
Priority IK lambda_2 0.2,300,J5,1329,5.338693753742518e-05,0.00010786581583488442,0.009594720743025309,0.2522258460521698,0.015801355242729187
Priority IK lambda_2 0.2,300,distal,2658,0.06609981937799603,0.001444528379579424,2.919910352492094,0.814500629901886,0.057562075555324554
Priority IK lambda_2 1,30,proximal,2658,9.089259833672259e-05,0.00012644053981603065,0.07884603625197437,0.1512567102909088,0.18735891580581665
Priority IK lambda_2 1,30,J5,1329,0.0006300052746155416,0.0013884310874345829,0.8721719880806397,0.14616051316261292,0.7366440892219543
Priority IK lambda_2 1,30,distal,2658,0.025645831556175835,0.06658697384409606,8.30430194102606,0.36739104986190796,0.8882618546485901
Priority IK lambda_2 1,300,proximal,2658,4.3390631532247426e-05,9.541398782175747e-05,0.006972722678190488,0.15508529543876648,0.011662904173135757
Priority IK lambda_2 1,300,J5,1329,5.573422967586339e-05,0.00012013700256829907,0.13051044090759706,0.21516302227973938,0.12264861166477203
Priority IK lambda_2 1,300,distal,2658,0.00019788215865901293,0.00018143349223009864,3.488700972370664,0.7027204632759094,0.3009781837463379
